{
  "schema_version": 1,
  "generated_at_unix_ms": 1771028756357,
  "git_commit": "952a123",
  "workloads": [
    {
      "name": "ufunc_add_broadcast_256x256_by_256",
      "runs": 20,
      "samples_ms": [
        0.501168,
        0.36865,
        0.183573,
        0.183915,
        0.19265,
        0.184606,
        0.185176,
        0.184685,
        0.184455,
        0.190256,
        0.18343299999999998,
        0.245259,
        0.26706,
        0.24437699999999998,
        0.23084200000000002,
        0.231142,
        0.189535,
        0.185107,
        0.199543,
        0.183223
      ],
      "percentiles": {
        "p50_ms": 0.190256,
        "p95_ms": 0.36865,
        "p99_ms": 0.501168,
        "min_ms": 0.183223,
        "max_ms": 0.501168
      }
    },
    {
      "name": "reduce_sum_axis1_keepdims_false_256x256",
      "runs": 20,
      "samples_ms": [
        0.44991200000000003,
        0.46481,
        0.448689,
        0.46036200000000005,
        0.448279,
        0.447919,
        0.46405799999999997,
        0.450413,
        0.463287,
        0.44927999999999996,
        0.463328,
        0.449501,
        0.464279,
        0.449241,
        0.460672,
        0.450033,
        0.44934100000000005,
        0.460772,
        0.47839600000000004,
        0.5661900000000001
      ],
      "percentiles": {
        "p50_ms": 0.46036200000000005,
        "p95_ms": 0.47839600000000004,
        "p99_ms": 0.5661900000000001,
        "min_ms": 0.447919,
        "max_ms": 0.5661900000000001
      }
    },
    {
      "name": "reduce_sum_all_keepdims_false_256x256",
      "runs": 20,
      "samples_ms": [
        0.054803,
        0.049311999999999995,
        0.049302000000000006,
        0.049313,
        0.049302000000000006,
        0.049322,
        0.049292,
        0.049322,
        0.049292,
        0.049311999999999995,
        0.12102600000000001,
        0.049302000000000006,
        0.049322,
        0.049292,
        0.049311999999999995,
        0.049302000000000006,
        0.049323,
        0.049302000000000006,
        0.049833,
        0.049363000000000004
      ],
      "percentiles": {
        "p50_ms": 0.049311999999999995,
        "p95_ms": 0.054803,
        "p99_ms": 0.12102600000000001,
        "min_ms": 0.049292,
        "max_ms": 0.12102600000000001
      }
    }
  ]
}