{
  "schema_version": 1,
  "generated_at_unix_ms": 1770974452794,
  "git_commit": "unknown",
  "workloads": [
    {
      "name": "ufunc_add_broadcast_256x256_by_256",
      "runs": 20,
      "samples_ms": [
        17.506975,
        17.31202,
        17.380277,
        17.783163000000002,
        17.190662,
        17.031834,
        16.924793,
        16.898284,
        16.960501,
        17.00325,
        17.021364000000002,
        17.014972,
        17.131431,
        16.950872,
        17.066449000000002,
        17.136861,
        17.692834,
        18.042650000000002,
        17.064335,
        18.249066000000003
      ],
      "percentiles": {
        "p50_ms": 17.131431,
        "p95_ms": 18.042650000000002,
        "p99_ms": 18.249066000000003,
        "min_ms": 16.898284,
        "max_ms": 18.249066000000003
      }
    },
    {
      "name": "reduce_sum_axis1_keepdims_false_256x256",
      "runs": 20,
      "samples_ms": [
        13.975514,
        13.767875,
        13.835391000000001,
        14.083025000000001,
        14.215925,
        14.351608,
        14.023394,
        13.756383000000001,
        13.7234,
        14.504486,
        14.878727,
        14.239058,
        14.263143000000001,
        13.945788,
        13.889172,
        14.171502,
        14.03188,
        13.831133000000001,
        14.088244999999999,
        14.372608
      ],
      "percentiles": {
        "p50_ms": 14.083025000000001,
        "p95_ms": 14.504486,
        "p99_ms": 14.878727,
        "min_ms": 13.7234,
        "max_ms": 14.878727
      }
    },
    {
      "name": "reduce_sum_all_keepdims_false_256x256",
      "runs": 20,
      "samples_ms": [
        0.514545,
        0.395802,
        0.454152,
        0.40864599999999995,
        0.35972499999999996,
        0.376325,
        0.384371,
        0.37604499999999996,
        0.35627800000000004,
        0.34568899999999997,
        0.353553,
        0.34667,
        0.345708,
        0.360316,
        0.345698,
        0.346109,
        0.359033,
        0.345699,
        0.345928,
        0.352161
      ],
      "percentiles": {
        "p50_ms": 0.359033,
        "p95_ms": 0.454152,
        "p99_ms": 0.514545,
        "min_ms": 0.34568899999999997,
        "max_ms": 0.514545
      }
    }
  ]
}