{
  "schema_version": 1,
  "generated_at_unix_ms": 1771028823908,
  "git_commit": "952a123",
  "workloads": [
    {
      "name": "ufunc_add_broadcast_256x256_by_256",
      "runs": 20,
      "samples_ms": [
        0.6067950000000001,
        0.404527,
        0.18378399999999998,
        0.18685,
        0.18673,
        0.201046,
        0.18210099999999999,
        0.18232099999999998,
        0.182873,
        0.18199,
        0.19611699999999999,
        0.18221099999999998,
        0.18202,
        0.182071,
        0.182422,
        0.196087,
        0.18655899999999997,
        0.185988,
        0.185347,
        0.186189
      ],
      "percentiles": {
        "p50_ms": 0.185988,
        "p95_ms": 0.404527,
        "p99_ms": 0.6067950000000001,
        "min_ms": 0.18199,
        "max_ms": 0.6067950000000001
      }
    },
    {
      "name": "reduce_sum_axis1_keepdims_false_256x256",
      "runs": 20,
      "samples_ms": [
        0.047589,
        0.044823,
        0.044763,
        0.044744,
        0.057057,
        0.044724,
        0.044794,
        0.044784,
        0.044753,
        0.044764,
        0.044694000000000005,
        0.044764,
        0.044744,
        0.044773,
        0.044763,
        0.044754,
        0.044764,
        0.044754,
        0.044754,
        0.044733
      ],
      "percentiles": {
        "p50_ms": 0.044763,
        "p95_ms": 0.047589,
        "p99_ms": 0.057057,
        "min_ms": 0.044694000000000005,
        "max_ms": 0.057057
      }
    },
    {
      "name": "reduce_sum_all_keepdims_false_256x256",
      "runs": 20,
      "samples_ms": [
        0.049361999999999996,
        0.049342000000000004,
        0.049313,
        0.049332,
        0.049313,
        0.049322,
        0.063639,
        0.049332999999999995,
        0.049311999999999995,
        0.049332,
        0.049313,
        0.049332,
        0.049311999999999995,
        0.049332,
        0.049311999999999995,
        0.049332999999999995,
        0.049311999999999995,
        0.049332,
        0.050114,
        0.049323
      ],
      "percentiles": {
        "p50_ms": 0.049332,
        "p95_ms": 0.050114,
        "p99_ms": 0.063639,
        "min_ms": 0.049311999999999995,
        "max_ms": 0.063639
      }
    }
  ]
}