{
  "schema_version": 1,
  "generated_at_unix_ms": 1771599582368,
  "git_commit": "44edea6",
  "workloads": [
    {
      "name": "ufunc_add_broadcast_256x256_by_256",
      "runs": 20,
      "samples_ms": [
        3.486712,
        3.3734300000000004,
        3.0694,
        3.086052,
        3.088055,
        3.143108,
        3.168846,
        3.143138,
        3.139261,
        3.136827,
        3.141004,
        3.3579209999999997,
        3.180308,
        3.164689,
        3.162515,
        3.1397220000000003,
        3.315451,
        3.1676439999999997,
        3.156934,
        3.182302
      ],
      "percentiles": {
        "p50_ms": 3.162515,
        "p95_ms": 3.3734300000000004,
        "p99_ms": 3.486712,
        "min_ms": 3.0694,
        "max_ms": 3.486712
      },
      "telemetry": {
        "elements_per_run": 65536,
        "bytes_processed_per_run": 1572864,
        "throughput_elements_per_sec_p50": 20722747.560090624,
        "throughput_elements_per_sec_p95": 19427111.278431743,
        "bandwidth_mib_per_sec_p50": 474.30605072228906,
        "bandwidth_mib_per_sec_p95": 444.651289636957
      }
    },
    {
      "name": "reduce_sum_axis1_keepdims_false_256x256",
      "runs": 20,
      "samples_ms": [
        0.42137,
        0.418594,
        0.428142,
        0.418524,
        0.428973,
        0.418544,
        0.425768,
        0.418504,
        0.418494,
        0.42386399999999996,
        0.418464,
        0.43251999999999996,
        0.418484,
        0.438261,
        0.41920500000000005,
        0.418464,
        0.431048,
        0.418464,
        0.43052599999999996,
        0.418454
      ],
      "percentiles": {
        "p50_ms": 0.41920500000000005,
        "p95_ms": 0.43251999999999996,
        "p99_ms": 0.438261,
        "min_ms": 0.418454,
        "max_ms": 0.438261
      },
      "telemetry": {
        "elements_per_run": 256,
        "bytes_processed_per_run": 526336,
        "throughput_elements_per_sec_p50": 610679.7390298302,
        "throughput_elements_per_sec_p95": 591880.1442707853,
        "bandwidth_mib_per_sec_p50": 1197.3929819539364,
        "bandwidth_mib_per_sec_p95": 1160.5315939147324
      }
    },
    {
      "name": "reduce_sum_all_keepdims_false_256x256",
      "runs": 20,
      "samples_ms": [
        0.34698,
        0.360726,
        0.345989,
        0.358401,
        0.34658999999999995,
        0.345928,
        0.35934299999999997,
        0.34590800000000005,
        0.345978,
        0.36029500000000003,
        0.346659,
        0.345978,
        0.36258999999999997,
        0.34601800000000005,
        0.345978,
        0.350717,
        0.345948,
        0.34587799999999996,
        0.359373,
        0.34676
      ],
      "percentiles": {
        "p50_ms": 0.346659,
        "p95_ms": 0.360726,
        "p99_ms": 0.36258999999999997,
        "min_ms": 0.34587799999999996,
        "max_ms": 0.36258999999999997
      },
      "telemetry": {
        "elements_per_run": 1,
        "bytes_processed_per_run": 524296,
        "throughput_elements_per_sec_p50": 2884.6791804049512,
        "throughput_elements_per_sec_p95": 2772.187200257259,
        "bandwidth_mib_per_sec_p50": 1442.361598558039,
        "bandwidth_mib_per_sec_p95": 1386.1147502384947
      }
    }
  ],
  "environment_fingerprint": "os=linux arch=x86_64 cpus=128 rustc=rustc 1.95.0-nightly (7f99507f5 2026-02-19)",
  "reproducibility": {
    "command": "cargo run -p fnp-conformance --bin generate_benchmark_baseline",
    "repo_root": "/data/projects/franken_numpy/crates/fnp-conformance/../..",
    "output_path": "artifacts/baselines/ufunc_benchmark_baseline.json",
    "rustc_version": "rustc 1.95.0-nightly (7f99507f5 2026-02-19)",
    "cargo_profile": "release"
  },
  "evidence_log_refs": [
    "artifacts/logs/runtime_policy_e2e_1771596279673.jsonl",
    "artifacts/logs/test_contract_e2e_1771596142671.jsonl",
    "artifacts/logs/workflow_scenario_e2e_1771195068.jsonl"
  ]
}