{
  "results": [
    {
      "command": "/data/tmp/cargo-target/release/generate_benchmark_baseline",
      "mean": 0.022923824020000004,
      "stddev": 0.0033466966845853976,
      "median": 0.02364211652,
      "user": 0.01870108,
      "system": 0.00407106,
      "min": 0.01842493202,
      "max": 0.02656452602,
      "times": [
        0.025672105020000002,
        0.025601253020000003,
        0.02656452602,
        0.02581575502,
        0.02632568902,
        0.02012679702,
        0.02168298002,
        0.01957647702,
        0.01842493202,
        0.01944772602
      ],
      "exit_codes": [
        0,
        0,
        0,
        0,
        0,
        0,
        0,
        0,
        0,
        0
      ]
    }
  ]
}
