{
  "results": [
    {
      "command": "/data/tmp/cargo-target/release/generate_benchmark_baseline",
      "mean": 0.010070386080000002,
      "stddev": 0.0005002259475866324,
      "median": 0.00998721508,
      "user": 0.006462519999999999,
      "system": 0.0035498800000000005,
      "min": 0.00960666858,
      "max": 0.01125734758,
      "times": [
        0.009644168580000001,
        0.01027211358,
        0.01018779558,
        0.00991332158,
        0.009671479580000001,
        0.01125734758,
        0.00960666858,
        0.00972336658,
        0.01036649058,
        0.01006110858
      ],
      "exit_codes": [
        0,
        0,
        0,
        0,
        0,
        0,
        0,
        0,
        0,
        0
      ]
    }
  ]
}
